{
    "pump_non_drvend_c1": 59.009174346923828,
    "pump_casing_c1": 57.064220428466797,
    "pump_drvend_c1": 52.844036102294922,
    "transmission_sealing_c1": 0.013761468231678009,
    "pump_non_drvend_c2": 31.633028030395508,
    "pump_casing_c2": 32.110092163085938,
    "pump_drvend_c2": 31.559633255004883,
    "transmission_sealing_c2": 0.013761468231678009,
    "pump_non_drvend_c3": 31.37614631652832,
    "pump_casing_c3": 32.073394775390625,
    "pump_drvend_c3": 31.633028030395508,
    "transmission_sealing_c3": 0.013761468231678009,
    "pump_non_drvend_bp1": 42.568805694580078,
    "pump_casing_bp1": 30.275228500366211,
    "pump_drvend_bp1": 46.935779571533203,
    "tansmission_sealing_bp1": 45.027523040771484,
    "pump_non_drvend_bp2": 47.669723510742188,
    "pump_casing_bp2": 48.917430877685547,
    "pump_drvend_bp2": 0.013761468231678009,
    "transmission_sealing_bp2": 31.85321044921875,
    "pump_non_drvend_sp1": 32.697246551513672,
    "pump_casing_sp1": 32,
    "pump_drvend_sp1": 33.651374816894531,
    "transmission_sealing_sp1": 0.013761468231678009,
    "pump_non_drvend_tcp": 31.302751541137695,
    "pump_casing_tcp": 31.486238479614258,
    "pump_drvend_tcp": 31.52293586730957,
    "transmission_sealing_tcp": 0,
    "vacuum_pump1": 34.532108306884766,
    "vacuum_pump2": 34.165138244628906,
    "dsch_press_c1": 0.42688074707984924,
    "dsch_press_c2": 0.036330275237560272,
    "dsch_press_c3": 2.4800710678100586,
    "vibration_c1": 0.002270642202347517,
    "vibration_c2": 0.002270642202347517,
    "vibration_c3": 6.1519265174865723,
    "tcm_sw_temp": 31.009174346923828,
    "tcm_sw_press": 0.0096880737692117691,
    "ts": "2023-06-13T10:49:23.478513"
}