{
    "temp_casing_wbp1": 11.776618957519531,
    "temp_bearing_wbp1": 11.776618957519531,
    "temp_stuffingbox_wbp1": 11.776618957519531,
    "temp_casing_wbp2": 11.776618957519531,
    "temp_bearing_wbp2": 11.776618957519531,
    "temp_stuffingbox_wbp2": 11.776618957519531,
    "temp_casing_sp": 36.72454071044922,
    "temp_bearing_sp": 17.303237915039062,
    "temp_stuffingbox_sp": 17.303237915039062,
    "temp_casing_tcp": 17.303237915039062,
    "temp_bearing_tcp": 17.303237915039062,
    "temp_stuffingbox_tcp": 17.303241729736328,
    "temp_casing_cp1": 12.268518447875977,
    "temp_bearing_cp1": 12.268518447875977,
    "temp_stuffingbox_cp1": 12.268518447875977,
    "temp_casing_cp2": 12.268518447875977,
    "temp_bearing_cp2": 12.268518447875977,
    "temp_stuffingbox_cp2": 12.268518447875977,
    "temp_casing_cp3": 11,
    "temp_bearing_cp3": 0,
    "temp_stuffingbox_cp3": 0,
    "press_discharge_wbp1": 2.235243082046509,
    "press_suction_wbp1": -0.17693865299224854,
    "press_discharge_wbp2": 1.257233738899231,
    "press_suction_wbp2": -1,
    "press_discharge_tcp": 0,
    "press_suction_tcp": -1,
    "press_discharge_sp": 0.1844618022441864,
    "press_suction_sp": -1,
    "press_discharge_cp1": 0.8002025485038757,
    "press_suction_cp1": -1,
    "press_discharge_cp2": 4.951533794403076,
    "press_suction_cp2": -1,
    "press_discharge_cp3": 0.28573495149612427,
    "press_suction_cp3": 0
}