{
    "pump_non_drvend_c1": 35,
    "pump_casing_c1": 34.400001525878906,
    "bulk_head_c1": 36,
    "transmission_sealing_c1": 34,
    "pump_non_drvend_c2": 34,
    "pump_casing_c2": 32.79999923706055,
    "bulk_head_c2": 35.20000076293945,
    "transmission_sealing_c2": 30.799999237060547,
    "pump_non_drvend_c3": 30.899999618530273,
    "pump_casing_c3": 31,
    "bulk_head_c3": 35.29999923706055,
    "transmission_sealing_c3": 33.5,
    "pump_non_drvend_bp1": 30.700000762939453,
    "pump_casing_bp1": 32.099998474121094,
    "bulk_head_bp1": 37.70000076293945,
    "tansmission_sealing_bp1": 32.70000076293945,
    "pump_non_drvend_bp2": 33.400001525878906,
    "pump_casing_bp2": 32.400001525878906,
    "bulk_head_bp2": 34.900001525878906,
    "transmission_sealing_bp2": 32.79999923706055,
    "pump_non_drvend_sp1": 32,
    "pump_casing_sp1": 36.79999923706055,
    "bulk_head_sp1": 30.100000381469727,
    "transmission_sealing_sp1": 33.599998474121094,
    "pump_non_drvend_tcp": 37.5,
    "pump_casing_tcp": 34.900001525878906,
    "bulk_head_tcp": 35.5,
    "transmission_sealing_tcp": 33.29999923706055,
    "ts": "2023-10-10T14:56:22.374721"
}