{
    "pump_non_drvend_c1": 33.099998474121094,
    "pump_casing_c1": -8.800000190734863,
    "bulk_head_c1": 34.29999923706055,
    "transmission_sealing_c1": 32.79999923706055,
    "pump_non_drvend_c2": 32.29999923706055,
    "pump_casing_c2": 32.70000076293945,
    "bulk_head_c2": 33.70000076293945,
    "transmission_sealing_c2": 32.29999923706055,
    "pump_non_drvend_c3": 33.5,
    "pump_casing_c3": 33,
    "bulk_head_c3": 34.20000076293945,
    "transmission_sealing_c3": 34.20000076293945,
    "pump_non_drvend_bp1": 33,
    "pump_casing_bp1": 32.099998474121094,
    "bulk_head_bp1": 33.900001525878906,
    "tansmission_sealing_bp1": 31.299999237060547,
    "pump_non_drvend_bp2": 32.79999923706055,
    "pump_casing_bp2": 35.400001525878906,
    "bulk_head_bp2": 34,
    "transmission_sealing_bp2": 32.099998474121094,
    "pump_non_drvend_sp1": 33,
    "pump_casing_sp1": 32.900001525878906,
    "bulk_head_sp1": 34.29999923706055,
    "transmission_sealing_sp1": 32.79999923706055,
    "pump_non_drvend_tcp": 20.899999618530273,
    "pump_casing_tcp": 33.29999923706055,
    "bulk_head_tcp": 34.20000076293945,
    "transmission_sealing_tcp": 41.20000076293945,
    "ts": "2023-06-23T12:42:30.187375"
}