{
    "lo_inlet_pressure_ge1": 0.9114583730697632,
    "cfw_inlet_pressure_ge1": 1.1267361640930176,
    "fo_inlet_pressure_ge1": 4.538194179534912,
    "lo_inlet_pressure_ge2": 4.872684955596924,
    "cfw_inlet_pressure_ge2": 2.9670138359069824,
    "fo_inlet_pressure_ge2": 1.9739582538604736,
    "lo_inlet_pressure_ge3": 5.370369911193848,
    "cfw_inlet_pressure_ge3": 2.9513888359069824,
    "fo_inlet_pressure_ge3": 1.7430555820465088,
    "exgas_tc_inlet_temp_ge1": 38.20000076293945,
    "lo_inlet_temp_ge1": 39.70000076293945,
    "cfw_outlet_temp_ge1": 33.20000076293945,
    "exgas_tc_inlet_temp_ge2": 390.79998779296875,
    "lo_inlet_temp_ge2": 58.79999923706055,
    "cfw_outlet_temp_ge2": 70.80000305175781,
    "exgas_tc_inlet_temp_ge3": 389,
    "lo_inlet_temp_ge3": 58.599998474121094,
    "cfw_outlet_temp_ge3": 72.80000305175781,
    "sea_water_temp_ecr": 31.600000381469727,
    "stern_tube_fwd_bearing_temp": 62,
    "stern_tube_aft_bearing_temp": 33.20000076293945,
    "intermediate_shaft_bearing_temp": 34.29999923706055,
    "fo_service_tank1_temp": 54.900001525878906,
    "fo_service_tank2_temp": 0,
    "fo_service_tank3_temp": 67.19999694824219,
    "me_fo_inlet_pressure": 1.3472222089767456,
    "tc_lo_inlet_pressure": 0.1996527761220932,
    "me_main_low_pco_inlet_pressure": 0,
    "me_jacket_cw_inlet_pressure": 1.078125,
    "me_air_cooler_cw_inlet_pressure": 1.265625,
    "me_start_air_inlet_pressure": 22.974536895751953,
    "me_scavenge_air_pressure": 0.023148147389292717,
    "me_control_air_inlet_pressure": 8.017939567565918,
    "main_air_reservoir_1_pressure": 25.82465171813965,
    "main_air_reservoir_2_pressure": 25.78125,
    "me_cyl1_jcw_outlet_temp": 74.69999694824219,
    "me_cyl2_jcw_outlet_temp": 74.69999694824219,
    "me_cyl3_jcw_outlet_temp": 74.4000015258789,
    "me_cyl4_jcw_outlet_temp": 74.69999694824219,
    "me_cyl5_jcw_outlet_temp": 74.9000015258789,
    "me_cyl6_jcw_outlet_temp": 74.19999694824219,
    "me_jacket_cw_inlet_temp": 73.69999694824219,
    "me_fo_inlet_temp": 53.099998474121094,
    "me_thruster_bearing_temp": 37.5,
    "me_tc_lo_outlet_temp": 35.400001525878906,
    "me_scav_air_receiver_temp": 39.70000076293945,
    "me_air_cooler_cw_inlet_temp": 31.799999237060547,
    "me_cyl1_exhgas_outlet_temp": 55.20000076293945,
    "me_cyl2_exhgas_outlet_temp": 56.5,
    "me_cyl3_exhgas_outlet_temp": 55.79999923706055,
    "me_cyl4_exhgas_outlet_temp": 57,
    "me_cyl5_exhgas_outlet_temp": 50.599998474121094,
    "me_cyl6_exhgas_outlet_temp": 49.29999923706055,
    "me_tc_exhgas_inlet_temp": 54.5,
    "me_tc_exhgas_outlet_temp": 54.70000076293945,
    "me_cyl1_scav_air_fire_temp": 41.79999923706055,
    "me_cyl2_scav_air_fire_temp": 42,
    "me_cyl3_scav_air_fire_temp": 42.20000076293945,
    "me_cyl4_scav_air_fire_temp": 41.099998474121094,
    "me_cyl5_scav_air_fire_temp": 40.400001525878906,
    "me_cyl6_scav_air_fire_temp": 39.099998474121094,
    "me_main_lo_pco_inlet_temp": 35.400001525878906,
    "me_cyl1_pco_outlet_temp": 36.29999923706055,
    "me_cyl2_pco_outlet_temp": 37,
    "me_cyl3_pco_outlet_temp": 37.29999923706055,
    "me_cyl4_pco_outlet_temp": 37.29999923706055,
    "me_cyl5_pco_outlet_temp": 37.5,
    "me_cyl6_pco_outlet_temp": 37.70000076293945,
    "me_cyl1_fore_main_bear_temp": 37.900001525878906,
    "me_cyl1_main__bearing_temp": 38.20000076293945,
    "me_cyl2_main__bearing_temp": 38.79999923706055,
    "me_cyl3_main__bearing_temp": 38.20000076293945,
    "me_cyl4_main__bearing_temp": 38.599998474121094,
    "me_cyl5_main__bearing_temp": 38.20000076293945,
    "me_cyl6_main__bearing_temp": 38.20000076293945,
    "me_thrust_radial_bearing_temp": 37.70000076293945,
    "control_air_inlet_pressure": 6.611690044403076
}