{
    "temp_casing_wbp1": 29.021987915039062,
    "temp_bearing_wbp1": 29.166664123535156,
    "temp_stuffingbox_wbp1": 29.398147583007812,
    "temp_casing_wbp2": 28.703704833984375,
    "temp_bearing_wbp2": 28.877315521240234,
    "temp_stuffingbox_wbp2": 29.744918823242188,
    "temp_casing_sp": 31.134258270263672,
    "temp_bearing_sp": 31.01852035522461,
    "temp_stuffingbox_sp": 31.278934478759766,
    "temp_casing_tcp": 30.70022964477539,
    "temp_bearing_tcp": 30.787033081054688,
    "temp_stuffingbox_tcp": 31.45248794555664,
    "temp_casing_cp1": 34.259254455566406,
    "temp_bearing_cp1": 34.31713104248047,
    "temp_stuffingbox_cp1": 34.635414123535156,
    "temp_casing_cp2": 34.28819274902344,
    "temp_bearing_cp2": 34.43286895751953,
    "temp_stuffingbox_cp2": 34.69328308105469,
    "temp_casing_cp3": 31.192127227783203,
    "temp_bearing_cp3": 31.221065521240234,
    "temp_stuffingbox_cp3": 31.59722137451172,
    "press_discharge_wbp1": 0,
    "press_suction_wbp1": 0,
    "press_discharge_wbp2": 0.0260416679084301,
    "press_suction_wbp2": 0,
    "press_discharge_tcp": 0,
    "press_suction_tcp": -0.0024594906717538834,
    "press_discharge_sp": 0.5425347089767456,
    "press_suction_sp": 0,
    "press_discharge_cp1": 2.285879611968994,
    "press_suction_cp1": 0,
    "press_discharge_cp2": 0.11212384700775146,
    "press_suction_cp2": 0,
    "press_discharge_cp3": 0,
    "press_suction_cp3": -0.004629629664123058
}