{
    "temp_casing_wbp1": 32.986106872558594,
    "temp_bearing_wbp1": 32.928245544433594,
    "temp_stuffingbox_wbp1": 34.28819274902344,
    "temp_casing_wbp2": 32.72569274902344,
    "temp_bearing_wbp2": 33.015045166015625,
    "temp_stuffingbox_wbp2": 34.49073791503906,
    "temp_casing_sp": 31.770832061767578,
    "temp_bearing_sp": 31.973377227783203,
    "temp_stuffingbox_sp": 32.581016540527344,
    "temp_casing_tcp": 31.626155853271484,
    "temp_bearing_tcp": 31.741897583007812,
    "temp_stuffingbox_tcp": 32.78356170654297,
    "temp_casing_cp1": 31.886573791503906,
    "temp_bearing_cp1": 32.34953308105469,
    "temp_stuffingbox_cp1": 33.15972137451172,
    "temp_casing_cp2": 32.00231170654297,
    "temp_bearing_cp2": 32.37847137451172,
    "temp_stuffingbox_cp2": 33.56481170654297,
    "temp_casing_cp3": 28.761573791503906,
    "temp_bearing_cp3": 28.848377227783203,
    "temp_stuffingbox_cp3": 29.427082061767578,
    "press_discharge_wbp1": 0,
    "press_suction_wbp1": 0,
    "press_discharge_wbp2": 0,
    "press_suction_wbp2": 0,
    "press_discharge_tcp": 2.6548032760620117,
    "press_suction_tcp": 0,
    "press_discharge_sp": 0,
    "press_suction_sp": -0.5217013955116272,
    "press_discharge_cp1": 0,
    "press_suction_cp1": -0.40219905972480774,
    "press_discharge_cp2": 0.2278645783662796,
    "press_suction_cp2": -0.1970486044883728,
    "press_discharge_cp3": 0,
    "press_suction_cp3": -0.1966145783662796
}