{
    "temp_casing_wbp1": 33.24652862548828,
    "temp_bearing_wbp1": 32.89929962158203,
    "temp_stuffingbox_wbp1": 33.391204833984375,
    "temp_casing_wbp2": 32.72569274902344,
    "temp_bearing_wbp2": 32.957176208496094,
    "temp_stuffingbox_wbp2": 33.53588104248047,
    "temp_casing_sp": 32.291664123535156,
    "temp_bearing_sp": 32.8414306640625,
    "temp_stuffingbox_sp": 31.944442749023438,
    "temp_casing_tcp": 31.828704833984375,
    "temp_bearing_tcp": 31.770832061767578,
    "temp_stuffingbox_tcp": 32.03125,
    "temp_casing_cp1": 31.59722137451172,
    "temp_bearing_cp1": 32.72569274902344,
    "temp_stuffingbox_cp1": 32.581016540527344,
    "temp_casing_cp2": 32.78356170654297,
    "temp_bearing_cp2": 32.8414306640625,
    "temp_stuffingbox_cp2": 32.87036895751953,
    "temp_casing_cp3": 29.13772964477539,
    "temp_bearing_cp3": 29.108795166015625,
    "temp_stuffingbox_cp3": 29.166664123535156,
    "press_discharge_wbp1": 0,
    "press_suction_wbp1": 0,
    "press_discharge_wbp2": 0,
    "press_suction_wbp2": 0,
    "press_discharge_tcp": 3.247974395751953,
    "press_suction_tcp": 0,
    "press_discharge_sp": 0,
    "press_suction_sp": -0.5267650485038757,
    "press_discharge_cp1": 0,
    "press_suction_cp1": -0.42462384700775146,
    "press_discharge_cp2": 0.13744212687015533,
    "press_suction_cp2": -0.2964409589767456,
    "press_discharge_cp3": 0,
    "press_suction_cp3": -0.19198495149612427
}