{
    "bottom_gear_cp1": 31.412843704223633,
    "pump_casing_c1": 31.52293586730957,
    "upper_gear_cp1": 31.816513061523438,
    "transmission_seal_c1": 33.24770736694336,
    "trans_v_bearing_c1": 32.80733871459961,
    "throtle_position_cp1": 74.05504608154297,
    "bottom_gear_cp2": 30.348623275756836,
    "pump_casing_cp2": 30.38532066345215,
    "upper_gear_cp2": 30.67889976501465,
    "transmission_seal_cp2": 33.13761520385742,
    "trans_v_bearing_cp2": 0.013761468231678009,
    "throtle_position_cp2": 150.2935791015625,
    "bottom_gear_cp3": 30.348623275756836,
    "pump_casing_cp3": 24.073394775390625,
    "upper_gear_cp3": 30.38532066345215,
    "tansmission_seal_cp3": 32.587154388427734,
    "throtle_position_cp3": 0,
    "pump_casing_bp1": 30.75229263305664,
    "upper_gear_bp1": 30.5321102142334,
    "transmission_sealing_bp1": 0.013761468231678009,
    "transmission_v_bearing_bp1": 32.11009216308594,
    "pump_casing_bp2": 30.788990020751953,
    "upper_gear_bp2": 30.42201805114746,
    "transmission_seal_bp2": 32.25688171386719,
    "transmission_v_bearing_bp2": 32.11009216308594,
    "bearing_temp_vp1": 34.56880569458008,
    "bearing_temp_vp2": 34.56880569458008,
    "bottom_gear_sp": 32.2935791015625,
    "pump_casing_sp": 32.11009216308594,
    "upper_gear_sp": 32.2935791015625,
    "transmission_seal_sp": 0.013761468231678009,
    "transmission_v_bearing_sp": 32.47706604003906,
    "bottom_gear_tcp": 31.155963897705078,
    "pump_casing_tcp": 30.67889976501465,
    "upper_gear_tcp": 31.266054153442383,
    "transmission_seal_tcp": 32.03669738769531,
    "transmission_v_bearing_tcp": 32,
    "suction_cp1": 0.07618348300457001,
    "suction_cp2": 0.08954128623008728,
    "suction_cp3": 0.08528440445661545,
    "suction_sp": 0.08631192892789841,
    "suction_tcp": 0.0610642209649086,
    "suction_bp1": 0.0662018358707428,
    "suction_bp2": 0.08308257162570953,
    "vibration_cp1": 0.002270642202347517,
    "vibration_cp2": 0.002270642202347517,
    "vibration_cp3": 0.002270642202347517,
    "discharge_cp1": 0.02568807266652584,
    "discharge_cp2": 3.757683515548706,
    "discharge_cp3": 0.02568807266652584,
    "dicharge_press_sp": 0.04128440469503403,
    "discharge_press_tcp": 0.010091743431985378,
    "discharge_press_bp1": 0,
    "discharge_press_bp2": 0.10634862631559372,
    "vacuum_manifold_pressure": 2.6564218997955322,
    "ts": "2023-11-06T04:55:58.913644"
}