{
    "bottom_gear_cp1": 32.95412826538086,
    "pump_casing_c1": 33.10091781616211,
    "upper_gear_cp1": 33.50458526611328,
    "transmission_seal_c1": 38.05504608154297,
    "trans_v_bearing_c1": 37.76146697998047,
    "throtle_position_cp1": 0,
    "bottom_gear_cp2": 32.25688171386719,
    "pump_casing_cp2": 32.47706604003906,
    "upper_gear_cp2": 32.91743087768555,
    "transmission_seal_cp2": 37.24770736694336,
    "trans_v_bearing_cp2": 0.013761468231678009,
    "throtle_position_cp2": 0,
    "bottom_gear_cp3": 32.44036865234375,
    "pump_casing_cp3": 26.495412826538086,
    "upper_gear_cp3": 32.51375961303711,
    "tansmission_seal_cp3": 36.91743087768555,
    "throtle_position_cp3": 150.2935791015625,
    "pump_casing_bp1": 32.25688171386719,
    "upper_gear_bp1": 32.51375961303711,
    "transmission_sealing_bp1": 0.013761468231678009,
    "transmission_v_bearing_bp1": 35.04587173461914,
    "pump_casing_bp2": 32.40367126464844,
    "upper_gear_bp2": 32.18348693847656,
    "transmission_seal_bp2": 35.633026123046875,
    "transmission_v_bearing_bp2": 35.04587173461914,
    "bearing_temp_vp1": 38.422019958496094,
    "bearing_temp_vp2": 38.165138244628906,
    "bottom_gear_sp": 34.05504608154297,
    "pump_casing_sp": 34.165138244628906,
    "upper_gear_sp": 34.09174346923828,
    "transmission_seal_sp": 0.013761468231678009,
    "transmission_v_bearing_sp": 35.66972351074219,
    "bottom_gear_tcp": 32.51375961303711,
    "pump_casing_tcp": 32.95412826538086,
    "upper_gear_tcp": 33.027523040771484,
    "transmission_seal_tcp": 35.633026123046875,
    "transmission_v_bearing_tcp": 35.48624038696289,
    "suction_cp1": 0.06744953989982605,
    "suction_cp2": 0.07655046135187149,
    "suction_cp3": 0.07603669911623001,
    "suction_sp": 0.07185321301221848,
    "suction_tcp": 0.05981651321053505,
    "suction_bp1": 0.08998165279626846,
    "suction_bp2": 0.09269724786281586,
    "vibration_cp1": 0.002270642202347517,
    "vibration_cp2": 0.002270642202347517,
    "vibration_cp3": 0.002270642202347517,
    "discharge_cp1": 0.002752293599769473,
    "discharge_cp2": 3.757683515548706,
    "discharge_cp3": 0,
    "dicharge_press_sp": 0.004587155766785145,
    "discharge_press_tcp": 0.0229357797652483,
    "discharge_press_bp1": 0.0292844045907259,
    "discharge_press_bp2": 0.12154128402471542,
    "vacuum_manifold_pressure": 2.6600916385650635,
    "ts": "2024-01-03T12:50:43.629899"
}