{
    "pump_non_drvend_c1": 36.29999923706055,
    "pump_casing_c1": 36.599998474121094,
    "bulk_head_c1": 35.79999923706055,
    "transmission_sealing_c1": 35.79999923706055,
    "pump_non_drvend_c2": 35.400001525878906,
    "pump_casing_c2": 35.5,
    "bulk_head_c2": 34.79999923706055,
    "transmission_sealing_c2": 32.70000076293945,
    "pump_non_drvend_c3": 32.29999923706055,
    "pump_casing_c3": 33.099998474121094,
    "bulk_head_c3": 35.20000076293945,
    "transmission_sealing_c3": 35.5,
    "pump_non_drvend_bp1": 32,
    "pump_casing_bp1": 34.70000076293945,
    "bulk_head_bp1": 36,
    "tansmission_sealing_bp1": 34.79999923706055,
    "pump_non_drvend_bp2": 35.099998474121094,
    "pump_casing_bp2": 35,
    "bulk_head_bp2": 34.79999923706055,
    "transmission_sealing_bp2": 34.900001525878906,
    "pump_non_drvend_sp1": 33.900001525878906,
    "pump_casing_sp1": 38.599998474121094,
    "bulk_head_sp1": 29.899999618530273,
    "transmission_sealing_sp1": 35.70000076293945,
    "pump_non_drvend_tcp": 38.900001525878906,
    "pump_casing_tcp": 37,
    "bulk_head_tcp": 35.599998474121094,
    "transmission_sealing_tcp": 34.20000076293945,
    "ts": "2023-10-07T20:54:37.416434"
}