{
    "lo_inlet_pressure_ge1": 0.5787037014961243,
    "cfw_inlet_pressure_ge1": 1.3055555820465088,
    "fo_inlet_pressure_ge1": 2.7239582538604736,
    "lo_inlet_pressure_ge2": 0.7407407760620117,
    "cfw_inlet_pressure_ge2": 1.3402777910232544,
    "fo_inlet_pressure_ge2": 3.8107638359069824,
    "lo_inlet_pressure_ge3": 5.138888835906982,
    "cfw_inlet_pressure_ge3": 3.288194417953491,
    "fo_inlet_pressure_ge3": 2.1423611640930176,
    "exgas_tc_inlet_temp_ge1": 37,
    "lo_inlet_temp_ge1": 41.099998474121094,
    "cfw_outlet_temp_ge1": 37.29999923706055,
    "exgas_tc_inlet_temp_ge2": 32767,
    "lo_inlet_temp_ge2": 49.29999923706055,
    "cfw_outlet_temp_ge2": 32.900001525878906,
    "exgas_tc_inlet_temp_ge3": 431.29998779296875,
    "lo_inlet_temp_ge3": 59.5,
    "cfw_outlet_temp_ge3": 77.4000015258789,
    "sea_water_temp_ecr": 30.100000381469727,
    "stern_tube_fwd_bearing_temp": 79.5999984741211,
    "stern_tube_aft_bearing_temp": 40.70000076293945,
    "intermediate_shaft_bearing_temp": 43.099998474121094,
    "fo_service_tank1_temp": 67.9000015258789,
    "fo_service_tank2_temp": 32767,
    "fo_service_tank3_temp": 75.0999984741211,
    "me_fo_inlet_pressure": 15.064814567565918,
    "tc_lo_inlet_pressure": 1.6336805820465088,
    "me_main_low_pco_inlet_pressure": 2.241319417953491,
    "me_jacket_cw_inlet_pressure": 3.5416667461395264,
    "me_air_cooler_cw_inlet_pressure": 1.7881944179534912,
    "me_start_air_inlet_pressure": 26.18055534362793,
    "me_scavenge_air_pressure": 0.8518518805503845,
    "me_control_air_inlet_pressure": 7.818286895751953,
    "main_air_reservoir_1_pressure": 25.028934478759766,
    "main_air_reservoir_2_pressure": 28.718170166015625,
    "me_cyl1_jcw_outlet_temp": 73.5,
    "me_cyl2_jcw_outlet_temp": 73.5,
    "me_cyl3_jcw_outlet_temp": 72.80000305175781,
    "me_cyl4_jcw_outlet_temp": 74.19999694824219,
    "me_cyl5_jcw_outlet_temp": 73.69999694824219,
    "me_cyl6_jcw_outlet_temp": 75.30000305175781,
    "me_jacket_cw_inlet_temp": 64.69999694824219,
    "me_fo_inlet_temp": 89.5999984741211,
    "me_thruster_bearing_temp": 54.70000076293945,
    "me_tc_lo_outlet_temp": 57.70000076293945,
    "me_scav_air_receiver_temp": 38.400001525878906,
    "me_air_cooler_cw_inlet_temp": 32.900001525878906,
    "me_cyl1_exhgas_outlet_temp": 360.70001220703125,
    "me_cyl2_exhgas_outlet_temp": 368.3999938964844,
    "me_cyl3_exhgas_outlet_temp": 370.20001220703125,
    "me_cyl4_exhgas_outlet_temp": 365.70001220703125,
    "me_cyl5_exhgas_outlet_temp": 32767,
    "me_cyl6_exhgas_outlet_temp": 361.20001220703125,
    "me_tc_exhgas_inlet_temp": 415.8999938964844,
    "me_tc_exhgas_outlet_temp": 336,
    "me_cyl1_scav_air_fire_temp": 45.599998474121094,
    "me_cyl2_scav_air_fire_temp": 42.70000076293945,
    "me_cyl3_scav_air_fire_temp": 44.29999923706055,
    "me_cyl4_scav_air_fire_temp": 43.79999923706055,
    "me_cyl5_scav_air_fire_temp": 43.099998474121094,
    "me_cyl6_scav_air_fire_temp": 39.5,
    "me_main_lo_pco_inlet_temp": 42.5,
    "me_cyl1_pco_outlet_temp": 49.70000076293945,
    "me_cyl2_pco_outlet_temp": 48.099998474121094,
    "me_cyl3_pco_outlet_temp": 48.099998474121094,
    "me_cyl4_pco_outlet_temp": 48.099998474121094,
    "me_cyl5_pco_outlet_temp": 43.599998474121094,
    "me_cyl6_pco_outlet_temp": 48.400001525878906,
    "me_cyl1_fore_main_bear_temp": 47.70000076293945,
    "me_cyl1_main__bearing_temp": 48.79999923706055,
    "me_cyl2_main__bearing_temp": 48.099998474121094,
    "me_cyl3_main__bearing_temp": 49,
    "me_cyl4_main__bearing_temp": 49.29999923706055,
    "me_cyl5_main__bearing_temp": 49.5,
    "me_cyl6_main__bearing_temp": 48.79999923706055,
    "me_thrust_radial_bearing_temp": 45,
    "control_air_inlet_pressure": 6.701388835906982
}